External_Id__c,FirstName,LastName,Email,Phone,MailingCity
C00001,Vikas,Jain,vikas.jain1@gmail.com,9894444514,Lucknow
C00002,Ritu,Verma,ritu.verma2@gmail.com,9825057371,Jaipur
C00003,Anjali,Singh,anjali.singh3@gmail.com,9824824680,Hyderabad
C00004,Amit,Agarwal,amit.agarwal4@gmail.com,9810830062,Bengaluru
C00005,Neha,Gupta,neha.gupta5@gmail.com,9815278923,Bengaluru
C00006,Karan,Sharma,karan.sharma6@gmail.com,9841000669,Jaipur
C00007,Meera,Singh,meera.singh7@gmail.com,9813616937,Hyderabad
C00008,Vikas,Jain,vikas.jain8@gmail.com,9831789847,Bengaluru
C00009,Meera,Singh,meera.singh9@gmail.com,9855272813,Mumbai
C00010,Arjun,Verma,arjun.verma10@gmail.com,9812527621,Hyderabad
C00011,Anjali,Kapoor,anjali.kapoor11@gmail.com,9812055632,Jaipur
C00012,Pooja,Kapoor,pooja.kapoor12@gmail.com,9893094258,Chandigarh
C00013,Priya,Gupta,priya.gupta13@gmail.com,9865863975,Chandigarh
C00014,Varun,Gupta,varun.gupta14@gmail.com,9886031156,Mumbai
C00015,Meera,Mishra,meera.mishra15@gmail.com,9821011971,Hyderabad
C00016,Rahul,Kapoor,rahul.kapoor16@gmail.com,9897303762,Pune
C00017,Sneha,Agarwal,sneha.agarwal17@gmail.com,9835588664,Pune
C00018,Simran,Verma,simran.verma18@gmail.com,9884830660,Jaipur
C00019,Neha,Mishra,neha.mishra19@gmail.com,9886755372,Lucknow
C00020,Amit,Sharma,amit.sharma20@gmail.com,9852521707,Bengaluru
C00021,Simran,Sharma,simran.sharma21@gmail.com,9860475069,Mumbai
C00022,Vivek,Verma,vivek.verma22@gmail.com,9877675646,Delhi
C00023,Kavya,Mishra,kavya.mishra23@gmail.com,9878338231,Mumbai
C00024,Akash,Agarwal,akash.agarwal24@gmail.com,9868892957,Jaipur
C00025,Rohit,Sharma,rohit.sharma25@gmail.com,9837019652,Mumbai
C00026,Sneha,Agarwal,sneha.agarwal26@gmail.com,9893465666,Pune
C00027,Ritu,Mishra,ritu.mishra27@gmail.com,9897844850,Pune
C00028,Neha,Mishra,neha.mishra28@gmail.com,9819479537,Mumbai
C00029,Arjun,Mishra,arjun.mishra29@gmail.com,9894586061,Jaipur
C00030,Ritu,Sharma,ritu.sharma30@gmail.com,9887342242,Chandigarh
C00031,Pooja,Yadav,pooja.yadav31@gmail.com,9837123516,Bengaluru
C00032,Simran,Verma,simran.verma32@gmail.com,9825399687,Lucknow
C00033,Priya,Tandon,priya.tandon33@gmail.com,9877761455,Chandigarh
C00034,Amit,Kapoor,amit.kapoor34@gmail.com,9842888205,Delhi
C00035,Simran,Yadav,simran.yadav35@gmail.com,9896671247,Chandigarh
C00036,Simran,Yadav,simran.yadav36@gmail.com,9831834791,Pune
C00037,Meera,Sharma,meera.sharma37@gmail.com,9895939480,Bengaluru
C00038,Varun,Kapoor,varun.kapoor38@gmail.com,9849455144,Bengaluru
C00039,Akash,Jain,akash.jain39@gmail.com,9831532585,Jaipur
C00040,Sanjay,Agarwal,sanjay.agarwal40@gmail.com,9835361379,Chandigarh
C00041,Meera,Gupta,meera.gupta41@gmail.com,9862651141,Mumbai
C00042,Rahul,Verma,rahul.verma42@gmail.com,9882926183,Mumbai
C00043,Rahul,Gupta,rahul.gupta43@gmail.com,9836676929,Hyderabad
C00044,Rahul,Sharma,rahul.sharma44@gmail.com,9894979858,Chandigarh
C00045,Neha,Gupta,neha.gupta45@gmail.com,9813319088,Mumbai
C00046,Rahul,Verma,rahul.verma46@gmail.com,9833821710,Lucknow
C00047,Amit,Jain,amit.jain47@gmail.com,9872546156,Pune
C00048,Simran,Sharma,simran.sharma48@gmail.com,9861886575,Lucknow
C00049,Rohit,Tandon,rohit.tandon49@gmail.com,9851001787,Hyderabad
C00050,Arjun,Kapoor,arjun.kapoor50@gmail.com,9864650741,Mumbai
C00051,Varun,Kapoor,varun.kapoor51@gmail.com,9860663869,Chandigarh
C00052,Varun,Yadav,varun.yadav52@gmail.com,9885934474,Chandigarh
C00053,Nisha,Singh,nisha.singh53@gmail.com,9875681742,Lucknow
C00054,Kavya,Gupta,kavya.gupta54@gmail.com,9854836438,Hyderabad
C00055,Amit,Tandon,amit.tandon55@gmail.com,9890831270,Bengaluru
C00056,Anjali,Gupta,anjali.gupta56@gmail.com,9882837347,Chandigarh
C00057,Sanjay,Mishra,sanjay.mishra57@gmail.com,9856056466,Chandigarh
C00058,Meera,Kapoor,meera.kapoor58@gmail.com,9843746032,Pune
C00059,Varun,Mishra,varun.mishra59@gmail.com,9864603944,Lucknow
C00060,Varun,Mishra,varun.mishra60@gmail.com,9865601087,Lucknow
C00061,Vikas,Kapoor,vikas.kapoor61@gmail.com,9888742428,Bengaluru
C00062,Amit,Tandon,amit.tandon62@gmail.com,9874228168,Pune
C00063,Ritu,Yadav,ritu.yadav63@gmail.com,9889603055,Chandigarh
C00064,Rahul,Sharma,rahul.sharma64@gmail.com,9835259599,Mumbai
C00065,Anjali,Agarwal,anjali.agarwal65@gmail.com,9862862313,Mumbai
C00066,Simran,Singh,simran.singh66@gmail.com,9839486231,Hyderabad
C00067,Sanjay,Verma,sanjay.verma67@gmail.com,9855128588,Delhi
C00068,Meera,Tandon,meera.tandon68@gmail.com,9890891172,Pune
C00069,Ritu,Kapoor,ritu.kapoor69@gmail.com,9881753927,Hyderabad
C00070,Kavya,Tandon,kavya.tandon70@gmail.com,9832821685,Lucknow
C00071,Amit,Agarwal,amit.agarwal71@gmail.com,9855810658,Lucknow
C00072,Amit,Yadav,amit.yadav72@gmail.com,9862511185,Pune
C00073,Anjali,Gupta,anjali.gupta73@gmail.com,9888011402,Lucknow
C00074,Varun,Agarwal,varun.agarwal74@gmail.com,9874496667,Lucknow
C00075,Anjali,Singh,anjali.singh75@gmail.com,9851938961,Delhi
C00076,Akash,Agarwal,akash.agarwal76@gmail.com,9839257734,Bengaluru
C00077,Sanjay,Verma,sanjay.verma77@gmail.com,9862883241,Jaipur
C00078,Vivek,Singh,vivek.singh78@gmail.com,9875241991,Chandigarh
C00079,Rohit,Kapoor,rohit.kapoor79@gmail.com,9852319352,Delhi
C00080,Karan,Verma,karan.verma80@gmail.com,9813419651,Chandigarh
C00081,Nisha,Yadav,nisha.yadav81@gmail.com,9846319290,Hyderabad
C00082,Vivek,Verma,vivek.verma82@gmail.com,9835311114,Mumbai
C00083,Rohit,Sharma,rohit.sharma83@gmail.com,9820915489,Lucknow
C00084,Simran,Agarwal,simran.agarwal84@gmail.com,9879332724,Bengaluru
C00085,Nisha,Gupta,nisha.gupta85@gmail.com,9894906047,Hyderabad
C00086,Rohit,Verma,rohit.verma86@gmail.com,9813723307,Lucknow
C00087,Vivek,Sharma,vivek.sharma87@gmail.com,9829532518,Lucknow
C00088,Arjun,Mishra,arjun.mishra88@gmail.com,9867869657,Mumbai
C00089,Pooja,Jain,pooja.jain89@gmail.com,9827342676,Jaipur
C00090,Meera,Gupta,meera.gupta90@gmail.com,9842717282,Jaipur
C00091,Rohit,Singh,rohit.singh91@gmail.com,9820932463,Lucknow
C00092,Rahul,Yadav,rahul.yadav92@gmail.com,9845158381,Pune
C00093,Ritu,Gupta,ritu.gupta93@gmail.com,9840789416,Hyderabad
C00094,Neha,Verma,neha.verma94@gmail.com,9843188209,Mumbai
C00095,Rahul,Jain,rahul.jain95@gmail.com,9816031118,Mumbai
C00096,Karan,Kapoor,karan.kapoor96@gmail.com,9875838270,Mumbai
C00097,Kavya,Yadav,kavya.yadav97@gmail.com,9841671409,Mumbai
C00098,Karan,Yadav,karan.yadav98@gmail.com,9866386736,Pune
C00099,Nisha,Kapoor,nisha.kapoor99@gmail.com,9889308691,Mumbai
C00100,Vikas,Sharma,vikas.sharma100@gmail.com,9848190539,Chandigarh
C00101,Sanjay,Kapoor,sanjay.kapoor101@gmail.com,9837872594,Mumbai
C00102,Priya,Kapoor,priya.kapoor102@gmail.com,9879359085,Lucknow
C00103,Simran,Yadav,simran.yadav103@gmail.com,9818070844,Chandigarh
C00104,Rahul,Mishra,rahul.mishra104@gmail.com,9867039453,Lucknow
C00105,Pooja,Sharma,pooja.sharma105@gmail.com,9842931895,Lucknow
C00106,Pooja,Tandon,pooja.tandon106@gmail.com,9853229758,Hyderabad
C00107,Amit,Agarwal,amit.agarwal107@gmail.com,9895541788,Lucknow
C00108,Meera,Verma,meera.verma108@gmail.com,9815738521,Lucknow
C00109,Vikas,Kapoor,vikas.kapoor109@gmail.com,9881593516,Lucknow
C00110,Pooja,Sharma,pooja.sharma110@gmail.com,9886128834,Jaipur
C00111,Arjun,Jain,arjun.jain111@gmail.com,9893266394,Pune
C00112,Rohit,Tandon,rohit.tandon112@gmail.com,9823227098,Hyderabad
C00113,Arjun,Yadav,arjun.yadav113@gmail.com,9810914790,Chandigarh
C00114,Rahul,Verma,rahul.verma114@gmail.com,9839356481,Delhi
C00115,Karan,Sharma,karan.sharma115@gmail.com,9833681381,Bengaluru
C00116,Neha,Yadav,neha.yadav116@gmail.com,9826622634,Pune
C00117,Varun,Jain,varun.jain117@gmail.com,9866298672,Delhi
C00118,Pooja,Sharma,pooja.sharma118@gmail.com,9871452196,Jaipur
C00119,Karan,Gupta,karan.gupta119@gmail.com,9847068865,Lucknow
C00120,Sneha,Kapoor,sneha.kapoor120@gmail.com,9886952426,Delhi
C00121,Rohit,Sharma,rohit.sharma121@gmail.com,9830375899,Chandigarh
C00122,Neha,Yadav,neha.yadav122@gmail.com,9867595850,Hyderabad
C00123,Vikas,Agarwal,vikas.agarwal123@gmail.com,9830140561,Pune
C00124,Arjun,Yadav,arjun.yadav124@gmail.com,9823967030,Pune
C00125,Kavya,Kapoor,kavya.kapoor125@gmail.com,9857777083,Delhi
C00126,Sneha,Sharma,sneha.sharma126@gmail.com,9852150690,Jaipur
C00127,Arjun,Tandon,arjun.tandon127@gmail.com,9879028603,Bengaluru
C00128,Karan,Tandon,karan.tandon128@gmail.com,9893166406,Hyderabad
C00129,Priya,Gupta,priya.gupta129@gmail.com,9810020913,Jaipur
C00130,Rohit,Sharma,rohit.sharma130@gmail.com,9865181739,Chandigarh
C00131,Meera,Gupta,meera.gupta131@gmail.com,9849161474,Hyderabad
C00132,Varun,Kapoor,varun.kapoor132@gmail.com,9836135661,Pune
C00133,Meera,Tandon,meera.tandon133@gmail.com,9892724343,Hyderabad
C00134,Karan,Tandon,karan.tandon134@gmail.com,9890765571,Pune
C00135,Kavya,Tandon,kavya.tandon135@gmail.com,9863226720,Delhi
C00136,Anjali,Sharma,anjali.sharma136@gmail.com,9863797396,Jaipur
C00137,Rahul,Jain,rahul.jain137@gmail.com,9868586025,Hyderabad
C00138,Rahul,Agarwal,rahul.agarwal138@gmail.com,9861869094,Lucknow
C00139,Karan,Gupta,karan.gupta139@gmail.com,9893979997,Mumbai
C00140,Meera,Gupta,meera.gupta140@gmail.com,9866617077,Delhi
C00141,Kavya,Jain,kavya.jain141@gmail.com,9833557447,Bengaluru
C00142,Anjali,Agarwal,anjali.agarwal142@gmail.com,9831039354,Hyderabad
C00143,Meera,Yadav,meera.yadav143@gmail.com,9832586917,Lucknow
C00144,Anjali,Singh,anjali.singh144@gmail.com,9865535873,Bengaluru
C00145,Amit,Sharma,amit.sharma145@gmail.com,9889688890,Delhi
C00146,Priya,Sharma,priya.sharma146@gmail.com,9880755104,Chandigarh
C00147,Nisha,Singh,nisha.singh147@gmail.com,9816082399,Lucknow
C00148,Kavya,Verma,kavya.verma148@gmail.com,9832585119,Bengaluru
C00149,Rohit,Tandon,rohit.tandon149@gmail.com,9891278541,Chandigarh
C00150,Rohit,Agarwal,rohit.agarwal150@gmail.com,9881775139,Delhi
C00151,Priya,Kapoor,priya.kapoor151@gmail.com,9843361421,Mumbai
C00152,Meera,Singh,meera.singh152@gmail.com,9873649058,Hyderabad
C00153,Simran,Singh,simran.singh153@gmail.com,9842570889,Delhi
C00154,Sanjay,Singh,sanjay.singh154@gmail.com,9843940316,Pune
C00155,Priya,Agarwal,priya.agarwal155@gmail.com,9872996258,Lucknow
C00156,Amit,Yadav,amit.yadav156@gmail.com,9870875270,Hyderabad
C00157,Simran,Verma,simran.verma157@gmail.com,9836431760,Pune
C00158,Anjali,Jain,anjali.jain158@gmail.com,9853262162,Mumbai
C00159,Varun,Mishra,varun.mishra159@gmail.com,9893965641,Lucknow
C00160,Simran,Agarwal,simran.agarwal160@gmail.com,9846942932,Jaipur
C00161,Akash,Singh,akash.singh161@gmail.com,9810830626,Hyderabad
C00162,Amit,Jain,amit.jain162@gmail.com,9816297171,Bengaluru
C00163,Vivek,Verma,vivek.verma163@gmail.com,9825578286,Lucknow
C00164,Vikas,Sharma,vikas.sharma164@gmail.com,9876534421,Bengaluru
C00165,Varun,Agarwal,varun.agarwal165@gmail.com,9823004974,Delhi
C00166,Sneha,Kapoor,sneha.kapoor166@gmail.com,9896428864,Pune
C00167,Nisha,Agarwal,nisha.agarwal167@gmail.com,9884053046,Chandigarh
C00168,Pooja,Gupta,pooja.gupta168@gmail.com,9811867108,Lucknow
C00169,Vikas,Agarwal,vikas.agarwal169@gmail.com,9860939330,Chandigarh
C00170,Vikas,Gupta,vikas.gupta170@gmail.com,9816570267,Bengaluru
C00171,Kavya,Mishra,kavya.mishra171@gmail.com,9868390451,Delhi
C00172,Varun,Singh,varun.singh172@gmail.com,9841597546,Mumbai
C00173,Simran,Yadav,simran.yadav173@gmail.com,9823346650,Delhi
C00174,Sneha,Singh,sneha.singh174@gmail.com,9897041628,Lucknow
C00175,Vivek,Mishra,vivek.mishra175@gmail.com,9821847084,Mumbai
C00176,Kavya,Verma,kavya.verma176@gmail.com,9816049067,Hyderabad
C00177,Simran,Sharma,simran.sharma177@gmail.com,9856518950,Delhi
C00178,Pooja,Gupta,pooja.gupta178@gmail.com,9891635949,Lucknow
C00179,Neha,Sharma,neha.sharma179@gmail.com,9852591433,Pune
C00180,Rohit,Sharma,rohit.sharma180@gmail.com,9849679100,Lucknow
C00181,Karan,Verma,karan.verma181@gmail.com,9834309095,Jaipur
C00182,Anjali,Singh,anjali.singh182@gmail.com,9893960798,Hyderabad
C00183,Sanjay,Jain,sanjay.jain183@gmail.com,9812410598,Jaipur
C00184,Pooja,Sharma,pooja.sharma184@gmail.com,9874815611,Chandigarh
C00185,Meera,Agarwal,meera.agarwal185@gmail.com,9832605034,Delhi
C00186,Priya,Sharma,priya.sharma186@gmail.com,9836019544,Chandigarh
C00187,Meera,Jain,meera.jain187@gmail.com,9837625009,Mumbai
C00188,Karan,Gupta,karan.gupta188@gmail.com,9844267695,Mumbai
C00189,Meera,Yadav,meera.yadav189@gmail.com,9886882965,Chandigarh
C00190,Pooja,Gupta,pooja.gupta190@gmail.com,9850506144,Mumbai
C00191,Arjun,Agarwal,arjun.agarwal191@gmail.com,9884969896,Pune
C00192,Amit,Agarwal,amit.agarwal192@gmail.com,9819582786,Delhi
C00193,Amit,Singh,amit.singh193@gmail.com,9824298556,Pune
C00194,Pooja,Yadav,pooja.yadav194@gmail.com,9873503734,Lucknow
C00195,Sneha,Verma,sneha.verma195@gmail.com,9818360760,Delhi
C00196,Sanjay,Gupta,sanjay.gupta196@gmail.com,9856604178,Bengaluru
C00197,Nisha,Tandon,nisha.tandon197@gmail.com,9870193401,Mumbai
C00198,Ritu,Kapoor,ritu.kapoor198@gmail.com,9863715254,Hyderabad
C00199,Rohit,Jain,rohit.jain199@gmail.com,9855945287,Pune
C00200,Arjun,Sharma,arjun.sharma200@gmail.com,9865141335,Bengaluru
C00201,Vivek,Sharma,vivek.sharma201@gmail.com,9823956817,Mumbai
C00202,Ritu,Verma,ritu.verma202@gmail.com,9821606162,Delhi
C00203,Arjun,Gupta,arjun.gupta203@gmail.com,9887196860,Lucknow
C00204,Kavya,Jain,kavya.jain204@gmail.com,9897088117,Chandigarh
C00205,Rohit,Mishra,rohit.mishra205@gmail.com,9811219363,Pune
C00206,Ritu,Jain,ritu.jain206@gmail.com,9846809544,Mumbai
C00207,Rohit,Yadav,rohit.yadav207@gmail.com,9830260395,Chandigarh
C00208,Simran,Tandon,simran.tandon208@gmail.com,9834917874,Delhi
C00209,Ritu,Agarwal,ritu.agarwal209@gmail.com,9859396637,Chandigarh
C00210,Sneha,Sharma,sneha.sharma210@gmail.com,9869849823,Hyderabad
C00211,Rahul,Tandon,rahul.tandon211@gmail.com,9860491008,Bengaluru
C00212,Meera,Jain,meera.jain212@gmail.com,9813868680,Chandigarh
C00213,Sneha,Agarwal,sneha.agarwal213@gmail.com,9859630765,Mumbai
C00214,Vikas,Mishra,vikas.mishra214@gmail.com,9834089828,Hyderabad
C00215,Amit,Sharma,amit.sharma215@gmail.com,9826986335,Lucknow
C00216,Simran,Tandon,simran.tandon216@gmail.com,9880106427,Lucknow
C00217,Amit,Gupta,amit.gupta217@gmail.com,9864078878,Lucknow
C00218,Kavya,Gupta,kavya.gupta218@gmail.com,9842375935,Lucknow
C00219,Kavya,Singh,kavya.singh219@gmail.com,9849989887,Delhi
C00220,Rahul,Singh,rahul.singh220@gmail.com,9860972525,Hyderabad
C00221,Arjun,Sharma,arjun.sharma221@gmail.com,9882153382,Mumbai
C00222,Sanjay,Tandon,sanjay.tandon222@gmail.com,9886314529,Delhi
C00223,Sneha,Jain,sneha.jain223@gmail.com,9846247565,Jaipur
C00224,Arjun,Agarwal,arjun.agarwal224@gmail.com,9837041970,Delhi
C00225,Meera,Sharma,meera.sharma225@gmail.com,9898029104,Mumbai
C00226,Sanjay,Yadav,sanjay.yadav226@gmail.com,9847010904,Jaipur
C00227,Varun,Agarwal,varun.agarwal227@gmail.com,9896743533,Pune
C00228,Nisha,Kapoor,nisha.kapoor228@gmail.com,9834913369,Chandigarh
C00229,Varun,Jain,varun.jain229@gmail.com,9824644701,Chandigarh
C00230,Priya,Mishra,priya.mishra230@gmail.com,9864517587,Bengaluru
C00231,Neha,Jain,neha.jain231@gmail.com,9862805403,Mumbai
C00232,Rahul,Kapoor,rahul.kapoor232@gmail.com,9813023681,Delhi
C00233,Akash,Singh,akash.singh233@gmail.com,9856417091,Delhi
C00234,Pooja,Mishra,pooja.mishra234@gmail.com,9823380785,Mumbai
C00235,Neha,Agarwal,neha.agarwal235@gmail.com,9868157629,Lucknow
C00236,Vikas,Jain,vikas.jain236@gmail.com,9831237472,Hyderabad
C00237,Pooja,Yadav,pooja.yadav237@gmail.com,9831201226,Bengaluru
C00238,Anjali,Agarwal,anjali.agarwal238@gmail.com,9863402874,Chandigarh
C00239,Sneha,Jain,sneha.jain239@gmail.com,9866281328,Hyderabad
C00240,Varun,Kapoor,varun.kapoor240@gmail.com,9863844250,Jaipur
C00241,Priya,Gupta,priya.gupta241@gmail.com,9822690800,Bengaluru
C00242,Ritu,Verma,ritu.verma242@gmail.com,9835289829,Lucknow
C00243,Meera,Yadav,meera.yadav243@gmail.com,9878082960,Bengaluru
C00244,Rahul,Mishra,rahul.mishra244@gmail.com,9831351881,Hyderabad
C00245,Neha,Agarwal,neha.agarwal245@gmail.com,9880385462,Chandigarh
C00246,Vivek,Mishra,vivek.mishra246@gmail.com,9843155399,Hyderabad
C00247,Pooja,Agarwal,pooja.agarwal247@gmail.com,9881206188,Chandigarh
C00248,Pooja,Gupta,pooja.gupta248@gmail.com,9837024783,Lucknow
C00249,Arjun,Singh,arjun.singh249@gmail.com,9836028146,Mumbai
C00250,Nisha,Kapoor,nisha.kapoor250@gmail.com,9840466261,Delhi
C00251,Simran,Kapoor,simran.kapoor251@gmail.com,9895017546,Lucknow
C00252,Arjun,Mishra,arjun.mishra252@gmail.com,9830378361,Chandigarh
C00253,Pooja,Verma,pooja.verma253@gmail.com,9838190478,Hyderabad
C00254,Vikas,Yadav,vikas.yadav254@gmail.com,9857725762,Hyderabad
C00255,Vivek,Mishra,vivek.mishra255@gmail.com,9815272398,Bengaluru
C00256,Neha,Agarwal,neha.agarwal256@gmail.com,9841386427,Jaipur
C00257,Vivek,Yadav,vivek.yadav257@gmail.com,9821402234,Bengaluru
C00258,Simran,Yadav,simran.yadav258@gmail.com,9833420388,Pune
C00259,Sanjay,Agarwal,sanjay.agarwal259@gmail.com,9873113356,Chandigarh
C00260,Simran,Kapoor,simran.kapoor260@gmail.com,9875540151,Pune
C00261,Ritu,Gupta,ritu.gupta261@gmail.com,9882634222,Mumbai
C00262,Neha,Kapoor,neha.kapoor262@gmail.com,9883255702,Chandigarh
C00263,Meera,Mishra,meera.mishra263@gmail.com,9881826238,Mumbai
C00264,Kavya,Gupta,kavya.gupta264@gmail.com,9842297540,Mumbai
C00265,Sneha,Sharma,sneha.sharma265@gmail.com,9883599434,Bengaluru
C00266,Rahul,Agarwal,rahul.agarwal266@gmail.com,9827492180,Jaipur
C00267,Sneha,Yadav,sneha.yadav267@gmail.com,9817841262,Bengaluru
C00268,Vikas,Singh,vikas.singh268@gmail.com,9830614431,Hyderabad
C00269,Akash,Singh,akash.singh269@gmail.com,9848998627,Jaipur
C00270,Rohit,Gupta,rohit.gupta270@gmail.com,9850679770,Hyderabad
C00271,Karan,Sharma,karan.sharma271@gmail.com,9838525354,Mumbai
C00272,Akash,Kapoor,akash.kapoor272@gmail.com,9888186433,Mumbai
C00273,Vivek,Mishra,vivek.mishra273@gmail.com,9840006465,Bengaluru
C00274,Amit,Singh,amit.singh274@gmail.com,9898538450,Hyderabad
C00275,Priya,Kapoor,priya.kapoor275@gmail.com,9810777663,Pune
C00276,Pooja,Mishra,pooja.mishra276@gmail.com,9874395090,Bengaluru
C00277,Rohit,Verma,rohit.verma277@gmail.com,9876638225,Lucknow
C00278,Neha,Singh,neha.singh278@gmail.com,9894067962,Mumbai
C00279,Anjali,Kapoor,anjali.kapoor279@gmail.com,9844022593,Pune
C00280,Neha,Kapoor,neha.kapoor280@gmail.com,9875589882,Jaipur
C00281,Varun,Jain,varun.jain281@gmail.com,9890654881,Delhi
C00282,Rohit,Jain,rohit.jain282@gmail.com,9818731113,Lucknow
C00283,Vikas,Mishra,vikas.mishra283@gmail.com,9850614282,Lucknow
C00284,Simran,Verma,simran.verma284@gmail.com,9884579755,Bengaluru
C00285,Pooja,Gupta,pooja.gupta285@gmail.com,9822104133,Pune
C00286,Neha,Singh,neha.singh286@gmail.com,9871960826,Jaipur
C00287,Sanjay,Jain,sanjay.jain287@gmail.com,9824710469,Bengaluru
C00288,Arjun,Verma,arjun.verma288@gmail.com,9814854447,Lucknow
C00289,Vivek,Jain,vivek.jain289@gmail.com,9895265961,Jaipur
C00290,Vikas,Yadav,vikas.yadav290@gmail.com,9839605726,Delhi
C00291,Sneha,Yadav,sneha.yadav291@gmail.com,9825343894,Lucknow
C00292,Arjun,Singh,arjun.singh292@gmail.com,9874102183,Chandigarh
C00293,Rohit,Sharma,rohit.sharma293@gmail.com,9810057950,Bengaluru
C00294,Rohit,Kapoor,rohit.kapoor294@gmail.com,9877961781,Bengaluru
C00295,Kavya,Jain,kavya.jain295@gmail.com,9884716086,Lucknow
C00296,Akash,Agarwal,akash.agarwal296@gmail.com,9822295330,Delhi
C00297,Kavya,Agarwal,kavya.agarwal297@gmail.com,9817908746,Mumbai
C00298,Sneha,Kapoor,sneha.kapoor298@gmail.com,9899060982,Delhi
C00299,Neha,Sharma,neha.sharma299@gmail.com,9897344267,Jaipur
C00300,Pooja,Verma,pooja.verma300@gmail.com,9878810716,Bengaluru
C00301,Nisha,Gupta,nisha.gupta301@gmail.com,9823635352,Hyderabad
C00302,Ritu,Verma,ritu.verma302@gmail.com,9866550569,Delhi
C00303,Vikas,Sharma,vikas.sharma303@gmail.com,9812260459,Delhi
C00304,Sneha,Jain,sneha.jain304@gmail.com,9813029111,Chandigarh
C00305,Priya,Yadav,priya.yadav305@gmail.com,9899272158,Lucknow
C00306,Karan,Tandon,karan.tandon306@gmail.com,9843185999,Chandigarh
C00307,Sneha,Gupta,sneha.gupta307@gmail.com,9883460230,Jaipur
C00308,Vivek,Agarwal,vivek.agarwal308@gmail.com,9894604694,Hyderabad
C00309,Ritu,Gupta,ritu.gupta309@gmail.com,9880924559,Hyderabad
C00310,Simran,Gupta,simran.gupta310@gmail.com,9888320506,Hyderabad
C00311,Ritu,Sharma,ritu.sharma311@gmail.com,9883060352,Bengaluru
C00312,Ritu,Sharma,ritu.sharma312@gmail.com,9823807438,Lucknow
C00313,Vikas,Tandon,vikas.tandon313@gmail.com,9822228755,Mumbai
C00314,Neha,Agarwal,neha.agarwal314@gmail.com,9817497549,Delhi
C00315,Simran,Kapoor,simran.kapoor315@gmail.com,9826146388,Pune
C00316,Akash,Yadav,akash.yadav316@gmail.com,9858895112,Pune
C00317,Nisha,Gupta,nisha.gupta317@gmail.com,9883048912,Jaipur
C00318,Amit,Agarwal,amit.agarwal318@gmail.com,9876939438,Hyderabad
C00319,Neha,Verma,neha.verma319@gmail.com,9881416271,Bengaluru
C00320,Varun,Tandon,varun.tandon320@gmail.com,9860244832,Bengaluru
C00321,Varun,Jain,varun.jain321@gmail.com,9864393070,Hyderabad
C00322,Simran,Agarwal,simran.agarwal322@gmail.com,9885889802,Mumbai
C00323,Akash,Gupta,akash.gupta323@gmail.com,9885871947,Delhi
C00324,Varun,Jain,varun.jain324@gmail.com,9833804555,Bengaluru
C00325,Nisha,Singh,nisha.singh325@gmail.com,9813392915,Chandigarh
C00326,Neha,Mishra,neha.mishra326@gmail.com,9841463907,Hyderabad
C00327,Simran,Kapoor,simran.kapoor327@gmail.com,9849092093,Delhi
C00328,Anjali,Agarwal,anjali.agarwal328@gmail.com,9864148990,Lucknow
C00329,Ritu,Singh,ritu.singh329@gmail.com,9841258256,Hyderabad
C00330,Nisha,Agarwal,nisha.agarwal330@gmail.com,9890145285,Mumbai
C00331,Anjali,Agarwal,anjali.agarwal331@gmail.com,9885417376,Lucknow
C00332,Nisha,Singh,nisha.singh332@gmail.com,9886596937,Jaipur
C00333,Varun,Sharma,varun.sharma333@gmail.com,9882353961,Chandigarh
C00334,Karan,Singh,karan.singh334@gmail.com,9831776431,Chandigarh
C00335,Vivek,Singh,vivek.singh335@gmail.com,9817965042,Bengaluru
C00336,Ritu,Yadav,ritu.yadav336@gmail.com,9888487836,Hyderabad
C00337,Karan,Mishra,karan.mishra337@gmail.com,9850983609,Pune
C00338,Pooja,Singh,pooja.singh338@gmail.com,9854969157,Delhi
C00339,Sneha,Gupta,sneha.gupta339@gmail.com,9837134797,Jaipur
C00340,Amit,Kapoor,amit.kapoor340@gmail.com,9846519485,Lucknow
C00341,Neha,Agarwal,neha.agarwal341@gmail.com,9896837844,Jaipur
C00342,Varun,Agarwal,varun.agarwal342@gmail.com,9860061308,Chandigarh
C00343,Simran,Singh,simran.singh343@gmail.com,9837246367,Chandigarh
C00344,Vivek,Agarwal,vivek.agarwal344@gmail.com,9844684714,Mumbai
C00345,Karan,Agarwal,karan.agarwal345@gmail.com,9864848925,Mumbai
C00346,Arjun,Verma,arjun.verma346@gmail.com,9816056721,Bengaluru
C00347,Varun,Sharma,varun.sharma347@gmail.com,9848744505,Jaipur
C00348,Sanjay,Mishra,sanjay.mishra348@gmail.com,9847711217,Bengaluru
C00349,Kavya,Jain,kavya.jain349@gmail.com,9856661195,Bengaluru
C00350,Rohit,Kapoor,rohit.kapoor350@gmail.com,9873269709,Hyderabad
C00351,Vikas,Singh,vikas.singh351@gmail.com,9848165549,Jaipur
C00352,Kavya,Tandon,kavya.tandon352@gmail.com,9873034207,Pune
C00353,Varun,Mishra,varun.mishra353@gmail.com,9812041841,Delhi
C00354,Rahul,Gupta,rahul.gupta354@gmail.com,9897331434,Bengaluru
C00355,Rahul,Singh,rahul.singh355@gmail.com,9829089057,Bengaluru
C00356,Akash,Kapoor,akash.kapoor356@gmail.com,9836237050,Chandigarh
C00357,Nisha,Kapoor,nisha.kapoor357@gmail.com,9894686488,Hyderabad
C00358,Anjali,Mishra,anjali.mishra358@gmail.com,9839668876,Mumbai
C00359,Ritu,Tandon,ritu.tandon359@gmail.com,9842128759,Bengaluru
C00360,Vivek,Singh,vivek.singh360@gmail.com,9888943666,Chandigarh
C00361,Akash,Kapoor,akash.kapoor361@gmail.com,9890169874,Mumbai
C00362,Kavya,Jain,kavya.jain362@gmail.com,9835636471,Pune
C00363,Karan,Verma,karan.verma363@gmail.com,9852106720,Chandigarh
C00364,Pooja,Verma,pooja.verma364@gmail.com,9872328967,Pune
C00365,Simran,Jain,simran.jain365@gmail.com,9855253935,Mumbai
C00366,Vivek,Gupta,vivek.gupta366@gmail.com,9829131604,Jaipur
C00367,Vivek,Verma,vivek.verma367@gmail.com,9819295481,Lucknow
C00368,Priya,Mishra,priya.mishra368@gmail.com,9845077736,Pune
C00369,Rahul,Sharma,rahul.sharma369@gmail.com,9871392274,Lucknow
C00370,Meera,Jain,meera.jain370@gmail.com,9856730246,Lucknow
C00371,Sneha,Yadav,sneha.yadav371@gmail.com,9897618278,Hyderabad
C00372,Vivek,Verma,vivek.verma372@gmail.com,9851136245,Hyderabad
C00373,Neha,Sharma,neha.sharma373@gmail.com,9885945953,Mumbai
C00374,Vikas,Mishra,vikas.mishra374@gmail.com,9854410783,Delhi
C00375,Rohit,Gupta,rohit.gupta375@gmail.com,9821965636,Mumbai
C00376,Rohit,Yadav,rohit.yadav376@gmail.com,9853072618,Bengaluru
C00377,Simran,Verma,simran.verma377@gmail.com,9895437423,Delhi
C00378,Vikas,Verma,vikas.verma378@gmail.com,9881625063,Delhi
C00379,Simran,Gupta,simran.gupta379@gmail.com,9880892376,Lucknow
C00380,Anjali,Agarwal,anjali.agarwal380@gmail.com,9832020303,Hyderabad
C00381,Amit,Singh,amit.singh381@gmail.com,9854163229,Delhi
C00382,Amit,Yadav,amit.yadav382@gmail.com,9878658747,Chandigarh
C00383,Akash,Tandon,akash.tandon383@gmail.com,9897148209,Delhi
C00384,Neha,Singh,neha.singh384@gmail.com,9843205052,Lucknow
C00385,Sneha,Tandon,sneha.tandon385@gmail.com,9841955105,Jaipur
C00386,Neha,Gupta,neha.gupta386@gmail.com,9848895539,Delhi
C00387,Amit,Verma,amit.verma387@gmail.com,9839205763,Hyderabad
C00388,Arjun,Mishra,arjun.mishra388@gmail.com,9825745098,Jaipur
C00389,Vivek,Singh,vivek.singh389@gmail.com,9892264253,Delhi
C00390,Sanjay,Kapoor,sanjay.kapoor390@gmail.com,9828632945,Bengaluru
C00391,Sanjay,Jain,sanjay.jain391@gmail.com,9814520165,Lucknow
C00392,Ritu,Agarwal,ritu.agarwal392@gmail.com,9887665679,Hyderabad
C00393,Simran,Mishra,simran.mishra393@gmail.com,9823408603,Jaipur
C00394,Karan,Tandon,karan.tandon394@gmail.com,9867930861,Chandigarh
C00395,Arjun,Tandon,arjun.tandon395@gmail.com,9816430037,Mumbai
C00396,Vivek,Verma,vivek.verma396@gmail.com,9896755881,Chandigarh
C00397,Kavya,Gupta,kavya.gupta397@gmail.com,9819847125,Delhi
C00398,Meera,Jain,meera.jain398@gmail.com,9838096047,Pune
C00399,Vikas,Yadav,vikas.yadav399@gmail.com,9854320838,Chandigarh
C00400,Akash,Gupta,akash.gupta400@gmail.com,9865629148,Bengaluru
C00401,Sanjay,Yadav,sanjay.yadav401@gmail.com,9854549488,Hyderabad
C00402,Varun,Sharma,varun.sharma402@gmail.com,9853596943,Jaipur
C00403,Ritu,Verma,ritu.verma403@gmail.com,9825382326,Hyderabad
C00404,Amit,Tandon,amit.tandon404@gmail.com,9881853109,Delhi
C00405,Karan,Gupta,karan.gupta405@gmail.com,9894748783,Pune
C00406,Amit,Verma,amit.verma406@gmail.com,9861757415,Chandigarh
C00407,Nisha,Yadav,nisha.yadav407@gmail.com,9882290130,Hyderabad
C00408,Pooja,Yadav,pooja.yadav408@gmail.com,9844884550,Delhi
C00409,Varun,Agarwal,varun.agarwal409@gmail.com,9876976916,Bengaluru
C00410,Sneha,Jain,sneha.jain410@gmail.com,9893935036,Mumbai
C00411,Vikas,Mishra,vikas.mishra411@gmail.com,9883216217,Chandigarh
C00412,Pooja,Jain,pooja.jain412@gmail.com,9885310220,Jaipur
C00413,Rohit,Agarwal,rohit.agarwal413@gmail.com,9819496598,Hyderabad
C00414,Rahul,Mishra,rahul.mishra414@gmail.com,9835898647,Lucknow
C00415,Sanjay,Mishra,sanjay.mishra415@gmail.com,9846654610,Pune
C00416,Priya,Mishra,priya.mishra416@gmail.com,9840473926,Hyderabad
C00417,Kavya,Yadav,kavya.yadav417@gmail.com,9855636236,Chandigarh
C00418,Arjun,Sharma,arjun.sharma418@gmail.com,9850659918,Bengaluru
C00419,Arjun,Verma,arjun.verma419@gmail.com,9828656484,Mumbai
C00420,Karan,Tandon,karan.tandon420@gmail.com,9865167659,Hyderabad
C00421,Rohit,Tandon,rohit.tandon421@gmail.com,9870600022,Delhi
C00422,Karan,Tandon,karan.tandon422@gmail.com,9833343654,Pune
C00423,Priya,Tandon,priya.tandon423@gmail.com,9817736377,Bengaluru
C00424,Sanjay,Gupta,sanjay.gupta424@gmail.com,9817316569,Jaipur
C00425,Karan,Yadav,karan.yadav425@gmail.com,9872452692,Pune
C00426,Kavya,Jain,kavya.jain426@gmail.com,9822157586,Pune
C00427,Rahul,Gupta,rahul.gupta427@gmail.com,9845439783,Bengaluru
C00428,Arjun,Jain,arjun.jain428@gmail.com,9814307150,Jaipur
C00429,Rahul,Jain,rahul.jain429@gmail.com,9871713212,Delhi
C00430,Karan,Mishra,karan.mishra430@gmail.com,9828632420,Hyderabad
C00431,Amit,Kapoor,amit.kapoor431@gmail.com,9846784371,Lucknow
C00432,Arjun,Mishra,arjun.mishra432@gmail.com,9844449292,Chandigarh
C00433,Sneha,Singh,sneha.singh433@gmail.com,9862876591,Hyderabad
C00434,Karan,Kapoor,karan.kapoor434@gmail.com,9890031536,Chandigarh
C00435,Ritu,Mishra,ritu.mishra435@gmail.com,9825419464,Lucknow
C00436,Amit,Tandon,amit.tandon436@gmail.com,9810759661,Hyderabad
C00437,Karan,Kapoor,karan.kapoor437@gmail.com,9819844363,Mumbai
C00438,Anjali,Sharma,anjali.sharma438@gmail.com,9886342036,Bengaluru
C00439,Rohit,Singh,rohit.singh439@gmail.com,9869514041,Delhi
C00440,Anjali,Yadav,anjali.yadav440@gmail.com,9841832347,Jaipur
C00441,Ritu,Agarwal,ritu.agarwal441@gmail.com,9829292539,Pune
C00442,Meera,Gupta,meera.gupta442@gmail.com,9843106364,Mumbai
C00443,Sneha,Mishra,sneha.mishra443@gmail.com,9814547316,Lucknow
C00444,Karan,Tandon,karan.tandon444@gmail.com,9896118746,Pune
C00445,Anjali,Agarwal,anjali.agarwal445@gmail.com,9845020179,Pune
C00446,Amit,Yadav,amit.yadav446@gmail.com,9883681516,Hyderabad
C00447,Meera,Yadav,meera.yadav447@gmail.com,9830964147,Mumbai
C00448,Sanjay,Yadav,sanjay.yadav448@gmail.com,9868060014,Pune
C00449,Sanjay,Verma,sanjay.verma449@gmail.com,9878452926,Jaipur
C00450,Arjun,Yadav,arjun.yadav450@gmail.com,9814509562,Chandigarh
C00451,Simran,Singh,simran.singh451@gmail.com,9832574098,Bengaluru
C00452,Nisha,Agarwal,nisha.agarwal452@gmail.com,9869553969,Lucknow
C00453,Simran,Agarwal,simran.agarwal453@gmail.com,9876293308,Hyderabad
C00454,Ritu,Yadav,ritu.yadav454@gmail.com,9849267809,Mumbai
C00455,Karan,Tandon,karan.tandon455@gmail.com,9870053766,Delhi
C00456,Akash,Jain,akash.jain456@gmail.com,9865096143,Pune
C00457,Varun,Tandon,varun.tandon457@gmail.com,9886400756,Pune
C00458,Karan,Sharma,karan.sharma458@gmail.com,9882347634,Jaipur
C00459,Priya,Agarwal,priya.agarwal459@gmail.com,9887543582,Bengaluru
C00460,Sneha,Singh,sneha.singh460@gmail.com,9870555726,Chandigarh
C00461,Akash,Jain,akash.jain461@gmail.com,9870231909,Hyderabad
C00462,Sanjay,Yadav,sanjay.yadav462@gmail.com,9810826615,Mumbai
C00463,Anjali,Mishra,anjali.mishra463@gmail.com,9875516562,Delhi
C00464,Neha,Agarwal,neha.agarwal464@gmail.com,9875845881,Lucknow
C00465,Vikas,Yadav,vikas.yadav465@gmail.com,9824766824,Mumbai
C00466,Akash,Agarwal,akash.agarwal466@gmail.com,9887637753,Hyderabad
C00467,Rohit,Sharma,rohit.sharma467@gmail.com,9813203644,Bengaluru
C00468,Nisha,Tandon,nisha.tandon468@gmail.com,9891848605,Chandigarh
C00469,Vikas,Singh,vikas.singh469@gmail.com,9814875097,Bengaluru
C00470,Meera,Jain,meera.jain470@gmail.com,9849170201,Delhi
C00471,Pooja,Agarwal,pooja.agarwal471@gmail.com,9889323583,Chandigarh
C00472,Vikas,Kapoor,vikas.kapoor472@gmail.com,9896294520,Bengaluru
C00473,Akash,Kapoor,akash.kapoor473@gmail.com,9819807100,Lucknow
C00474,Arjun,Yadav,arjun.yadav474@gmail.com,9830465507,Delhi
C00475,Arjun,Verma,arjun.verma475@gmail.com,9813282158,Delhi
C00476,Priya,Gupta,priya.gupta476@gmail.com,9848578717,Mumbai
C00477,Amit,Gupta,amit.gupta477@gmail.com,9838410462,Bengaluru
C00478,Arjun,Agarwal,arjun.agarwal478@gmail.com,9870681595,Bengaluru
C00479,Pooja,Tandon,pooja.tandon479@gmail.com,9830057224,Delhi
C00480,Vivek,Gupta,vivek.gupta480@gmail.com,9820174679,Pune
C00481,Karan,Agarwal,karan.agarwal481@gmail.com,9859489636,Lucknow
C00482,Vikas,Agarwal,vikas.agarwal482@gmail.com,9864164655,Mumbai
C00483,Amit,Mishra,amit.mishra483@gmail.com,9825322707,Lucknow
C00484,Meera,Kapoor,meera.kapoor484@gmail.com,9873221853,Chandigarh
C00485,Priya,Gupta,priya.gupta485@gmail.com,9850455158,Pune
C00486,Varun,Tandon,varun.tandon486@gmail.com,9898051565,Chandigarh
C00487,Sanjay,Singh,sanjay.singh487@gmail.com,9839761239,Bengaluru
C00488,Sneha,Verma,sneha.verma488@gmail.com,9851843920,Hyderabad
C00489,Akash,Gupta,akash.gupta489@gmail.com,9887473150,Hyderabad
C00490,Amit,Yadav,amit.yadav490@gmail.com,9875622801,Mumbai
C00491,Arjun,Kapoor,arjun.kapoor491@gmail.com,9883340350,Jaipur
C00492,Anjali,Kapoor,anjali.kapoor492@gmail.com,9820072026,Delhi
C00493,Amit,Mishra,amit.mishra493@gmail.com,9886137400,Hyderabad
C00494,Simran,Verma,simran.verma494@gmail.com,9822839399,Lucknow
C00495,Nisha,Mishra,nisha.mishra495@gmail.com,9854720569,Chandigarh
C00496,Meera,Kapoor,meera.kapoor496@gmail.com,9874042256,Delhi
C00497,Vikas,Yadav,vikas.yadav497@gmail.com,9820766128,Mumbai
C00498,Ritu,Verma,ritu.verma498@gmail.com,9831503995,Lucknow
C00499,Simran,Sharma,simran.sharma499@gmail.com,9874261536,Bengaluru
C00500,Sanjay,Mishra,sanjay.mishra500@gmail.com,9896462368,Bengaluru
C00501,Sanjay,Verma,sanjay.verma501@gmail.com,9819024537,Mumbai
C00502,Neha,Singh,neha.singh502@gmail.com,9867984452,Pune
C00503,Anjali,Tandon,anjali.tandon503@gmail.com,9836664660,Delhi
C00504,Nisha,Sharma,nisha.sharma504@gmail.com,9852388718,Mumbai
C00505,Vivek,Verma,vivek.verma505@gmail.com,9847809339,Chandigarh
C00506,Simran,Verma,simran.verma506@gmail.com,9874505618,Hyderabad
C00507,Karan,Mishra,karan.mishra507@gmail.com,9898701518,Pune
C00508,Arjun,Tandon,arjun.tandon508@gmail.com,9895181466,Lucknow
C00509,Rahul,Singh,rahul.singh509@gmail.com,9896344552,Lucknow
C00510,Sneha,Gupta,sneha.gupta510@gmail.com,9823532572,Lucknow
C00511,Rohit,Kapoor,rohit.kapoor511@gmail.com,9890650163,Pune
C00512,Ritu,Singh,ritu.singh512@gmail.com,9888639013,Lucknow
C00513,Pooja,Tandon,pooja.tandon513@gmail.com,9869961536,Pune
C00514,Meera,Mishra,meera.mishra514@gmail.com,9882065031,Bengaluru
C00515,Sanjay,Gupta,sanjay.gupta515@gmail.com,9896358959,Delhi
C00516,Rahul,Agarwal,rahul.agarwal516@gmail.com,9847494879,Chandigarh
C00517,Varun,Verma,varun.verma517@gmail.com,9837179700,Chandigarh
C00518,Akash,Gupta,akash.gupta518@gmail.com,9875311620,Bengaluru
C00519,Akash,Yadav,akash.yadav519@gmail.com,9840930367,Hyderabad
C00520,Rahul,Jain,rahul.jain520@gmail.com,9848544111,Lucknow
C00521,Akash,Tandon,akash.tandon521@gmail.com,9840482280,Jaipur
C00522,Vivek,Mishra,vivek.mishra522@gmail.com,9874133136,Delhi
C00523,Vikas,Sharma,vikas.sharma523@gmail.com,9880212185,Hyderabad
C00524,Karan,Agarwal,karan.agarwal524@gmail.com,9894057802,Pune
C00525,Simran,Tandon,simran.tandon525@gmail.com,9823445498,Chandigarh
C00526,Arjun,Mishra,arjun.mishra526@gmail.com,9848862803,Hyderabad
C00527,Vivek,Gupta,vivek.gupta527@gmail.com,9899590847,Pune
C00528,Nisha,Yadav,nisha.yadav528@gmail.com,9862227672,Lucknow
C00529,Anjali,Jain,anjali.jain529@gmail.com,9899699467,Lucknow
C00530,Sneha,Tandon,sneha.tandon530@gmail.com,9869636915,Mumbai
C00531,Akash,Tandon,akash.tandon531@gmail.com,9863805946,Pune
C00532,Rahul,Agarwal,rahul.agarwal532@gmail.com,9836626869,Pune
C00533,Kavya,Verma,kavya.verma533@gmail.com,9829404299,Bengaluru
C00534,Neha,Singh,neha.singh534@gmail.com,9852556272,Bengaluru
C00535,Simran,Sharma,simran.sharma535@gmail.com,9838487877,Delhi
C00536,Amit,Tandon,amit.tandon536@gmail.com,9889935552,Pune
C00537,Anjali,Tandon,anjali.tandon537@gmail.com,9867473574,Delhi
C00538,Sneha,Agarwal,sneha.agarwal538@gmail.com,9894957552,Bengaluru
C00539,Amit,Verma,amit.verma539@gmail.com,9815867592,Lucknow
C00540,Rohit,Tandon,rohit.tandon540@gmail.com,9874098330,Lucknow
C00541,Pooja,Singh,pooja.singh541@gmail.com,9883894986,Mumbai
C00542,Sanjay,Sharma,sanjay.sharma542@gmail.com,9889192886,Chandigarh
C00543,Sneha,Verma,sneha.verma543@gmail.com,9833319532,Bengaluru
C00544,Sanjay,Tandon,sanjay.tandon544@gmail.com,9880234046,Hyderabad
C00545,Pooja,Agarwal,pooja.agarwal545@gmail.com,9814127576,Chandigarh
C00546,Anjali,Tandon,anjali.tandon546@gmail.com,9844354706,Mumbai
C00547,Amit,Verma,amit.verma547@gmail.com,9810752886,Jaipur
C00548,Meera,Jain,meera.jain548@gmail.com,9870681733,Lucknow
C00549,Karan,Jain,karan.jain549@gmail.com,9854971280,Bengaluru
C00550,Sanjay,Singh,sanjay.singh550@gmail.com,9866410067,Hyderabad
C00551,Priya,Singh,priya.singh551@gmail.com,9863250171,Jaipur
C00552,Meera,Verma,meera.verma552@gmail.com,9866560442,Hyderabad
C00553,Kavya,Jain,kavya.jain553@gmail.com,9826989951,Bengaluru
C00554,Rohit,Yadav,rohit.yadav554@gmail.com,9822551458,Jaipur
C00555,Sneha,Kapoor,sneha.kapoor555@gmail.com,9833751064,Delhi
C00556,Pooja,Tandon,pooja.tandon556@gmail.com,9852932398,Lucknow
C00557,Arjun,Tandon,arjun.tandon557@gmail.com,9841887309,Lucknow
C00558,Arjun,Sharma,arjun.sharma558@gmail.com,9874577376,Chandigarh
C00559,Arjun,Mishra,arjun.mishra559@gmail.com,9830253906,Lucknow
C00560,Ritu,Yadav,ritu.yadav560@gmail.com,9880707027,Chandigarh
C00561,Sneha,Yadav,sneha.yadav561@gmail.com,9887044077,Chandigarh
C00562,Vikas,Yadav,vikas.yadav562@gmail.com,9845933154,Lucknow
C00563,Sneha,Agarwal,sneha.agarwal563@gmail.com,9873499073,Chandigarh
C00564,Arjun,Kapoor,arjun.kapoor564@gmail.com,9834383238,Hyderabad
C00565,Anjali,Sharma,anjali.sharma565@gmail.com,9871249144,Lucknow
C00566,Anjali,Verma,anjali.verma566@gmail.com,9853896314,Chandigarh
C00567,Arjun,Gupta,arjun.gupta567@gmail.com,9814184611,Bengaluru
C00568,Amit,Tandon,amit.tandon568@gmail.com,9887805854,Pune
C00569,Sneha,Yadav,sneha.yadav569@gmail.com,9871440279,Lucknow
C00570,Rohit,Agarwal,rohit.agarwal570@gmail.com,9825095837,Jaipur
C00571,Pooja,Jain,pooja.jain571@gmail.com,9817186523,Hyderabad
C00572,Meera,Agarwal,meera.agarwal572@gmail.com,9856049657,Bengaluru
C00573,Ritu,Jain,ritu.jain573@gmail.com,9889243051,Lucknow
C00574,Amit,Sharma,amit.sharma574@gmail.com,9873112278,Chandigarh
C00575,Rohit,Gupta,rohit.gupta575@gmail.com,9842168347,Hyderabad
C00576,Vikas,Gupta,vikas.gupta576@gmail.com,9871696126,Lucknow
C00577,Vikas,Kapoor,vikas.kapoor577@gmail.com,9847575462,Lucknow
C00578,Sneha,Singh,sneha.singh578@gmail.com,9823912028,Bengaluru
C00579,Vivek,Verma,vivek.verma579@gmail.com,9870257811,Hyderabad
C00580,Vikas,Verma,vikas.verma580@gmail.com,9817024405,Mumbai
C00581,Ritu,Agarwal,ritu.agarwal581@gmail.com,9857960314,Chandigarh
C00582,Sneha,Mishra,sneha.mishra582@gmail.com,9860094502,Mumbai
C00583,Sneha,Agarwal,sneha.agarwal583@gmail.com,9851667810,Bengaluru
C00584,Vikas,Yadav,vikas.yadav584@gmail.com,9811383729,Pune
C00585,Nisha,Jain,nisha.jain585@gmail.com,9864633925,Jaipur
C00586,Sneha,Tandon,sneha.tandon586@gmail.com,9830927880,Hyderabad
C00587,Pooja,Mishra,pooja.mishra587@gmail.com,9880638639,Mumbai
C00588,Kavya,Singh,kavya.singh588@gmail.com,9871115124,Jaipur
C00589,Vikas,Jain,vikas.jain589@gmail.com,9867066758,Pune
C00590,Amit,Yadav,amit.yadav590@gmail.com,9831805811,Jaipur
C00591,Vivek,Sharma,vivek.sharma591@gmail.com,9858337035,Delhi
C00592,Akash,Tandon,akash.tandon592@gmail.com,9864201196,Chandigarh
C00593,Rohit,Kapoor,rohit.kapoor593@gmail.com,9843814702,Chandigarh
C00594,Vivek,Tandon,vivek.tandon594@gmail.com,9831113117,Delhi
C00595,Simran,Agarwal,simran.agarwal595@gmail.com,9836333163,Jaipur
C00596,Rohit,Verma,rohit.verma596@gmail.com,9810896097,Delhi
C00597,Vivek,Singh,vivek.singh597@gmail.com,9864136763,Mumbai
C00598,Amit,Agarwal,amit.agarwal598@gmail.com,9845373499,Chandigarh
C00599,Nisha,Verma,nisha.verma599@gmail.com,9873899565,Delhi
C00600,Sneha,Verma,sneha.verma600@gmail.com,9894784505,Pune
C00601,Pooja,Verma,pooja.verma601@gmail.com,9896272713,Chandigarh
C00602,Ritu,Gupta,ritu.gupta602@gmail.com,9856938029,Pune
C00603,Kavya,Jain,kavya.jain603@gmail.com,9829968789,Bengaluru
C00604,Pooja,Verma,pooja.verma604@gmail.com,9881870806,Bengaluru
C00605,Pooja,Kapoor,pooja.kapoor605@gmail.com,9853466051,Hyderabad
C00606,Priya,Kapoor,priya.kapoor606@gmail.com,9853612911,Pune
C00607,Nisha,Sharma,nisha.sharma607@gmail.com,9857276885,Chandigarh
C00608,Kavya,Kapoor,kavya.kapoor608@gmail.com,9875840096,Delhi
C00609,Pooja,Agarwal,pooja.agarwal609@gmail.com,9882316247,Mumbai
C00610,Arjun,Tandon,arjun.tandon610@gmail.com,9847446358,Bengaluru
C00611,Akash,Verma,akash.verma611@gmail.com,9815655089,Mumbai
C00612,Meera,Sharma,meera.sharma612@gmail.com,9836278734,Chandigarh
C00613,Simran,Singh,simran.singh613@gmail.com,9810279516,Delhi
C00614,Nisha,Singh,nisha.singh614@gmail.com,9816776330,Lucknow
C00615,Varun,Tandon,varun.tandon615@gmail.com,9810233441,Mumbai
C00616,Karan,Mishra,karan.mishra616@gmail.com,9889415508,Mumbai
C00617,Sanjay,Gupta,sanjay.gupta617@gmail.com,9860161451,Bengaluru
C00618,Karan,Yadav,karan.yadav618@gmail.com,9898899121,Bengaluru
C00619,Neha,Sharma,neha.sharma619@gmail.com,9869023055,Chandigarh
C00620,Rahul,Mishra,rahul.mishra620@gmail.com,9853506394,Hyderabad
C00621,Pooja,Kapoor,pooja.kapoor621@gmail.com,9851939617,Lucknow
C00622,Vikas,Jain,vikas.jain622@gmail.com,9865562724,Mumbai
C00623,Nisha,Gupta,nisha.gupta623@gmail.com,9890920370,Delhi
C00624,Rohit,Sharma,rohit.sharma624@gmail.com,9812212311,Delhi
C00625,Priya,Kapoor,priya.kapoor625@gmail.com,9893896745,Delhi
C00626,Meera,Singh,meera.singh626@gmail.com,9839861374,Jaipur
C00627,Pooja,Sharma,pooja.sharma627@gmail.com,9875105343,Bengaluru
C00628,Sneha,Agarwal,sneha.agarwal628@gmail.com,9869471178,Hyderabad
C00629,Sneha,Sharma,sneha.sharma629@gmail.com,9853231868,Jaipur
C00630,Rohit,Agarwal,rohit.agarwal630@gmail.com,9824324015,Pune
C00631,Rohit,Gupta,rohit.gupta631@gmail.com,9858449348,Jaipur
C00632,Vikas,Yadav,vikas.yadav632@gmail.com,9828784731,Jaipur
C00633,Nisha,Gupta,nisha.gupta633@gmail.com,9854991488,Chandigarh
C00634,Akash,Sharma,akash.sharma634@gmail.com,9873936353,Jaipur
C00635,Karan,Tandon,karan.tandon635@gmail.com,9850213678,Lucknow
C00636,Kavya,Verma,kavya.verma636@gmail.com,9862353622,Pune
C00637,Varun,Singh,varun.singh637@gmail.com,9878577123,Bengaluru
C00638,Pooja,Agarwal,pooja.agarwal638@gmail.com,9840846823,Hyderabad
C00639,Priya,Singh,priya.singh639@gmail.com,9878745120,Mumbai
C00640,Sanjay,Agarwal,sanjay.agarwal640@gmail.com,9878593239,Delhi
C00641,Amit,Sharma,amit.sharma641@gmail.com,9822331190,Hyderabad
C00642,Neha,Singh,neha.singh642@gmail.com,9840591788,Delhi
C00643,Neha,Verma,neha.verma643@gmail.com,9814347947,Bengaluru
C00644,Meera,Mishra,meera.mishra644@gmail.com,9851521523,Delhi
C00645,Akash,Jain,akash.jain645@gmail.com,9839103964,Chandigarh
C00646,Neha,Agarwal,neha.agarwal646@gmail.com,9812208115,Hyderabad
C00647,Vikas,Kapoor,vikas.kapoor647@gmail.com,9884312041,Pune
C00648,Arjun,Agarwal,arjun.agarwal648@gmail.com,9890914563,Chandigarh
C00649,Simran,Mishra,simran.mishra649@gmail.com,9846375433,Bengaluru
C00650,Neha,Singh,neha.singh650@gmail.com,9880238748,Lucknow
C00651,Sneha,Verma,sneha.verma651@gmail.com,9856980819,Lucknow
C00652,Akash,Agarwal,akash.agarwal652@gmail.com,9834330055,Pune
C00653,Sneha,Jain,sneha.jain653@gmail.com,9858170919,Jaipur
C00654,Neha,Kapoor,neha.kapoor654@gmail.com,9833160325,Pune
C00655,Kavya,Singh,kavya.singh655@gmail.com,9844157556,Jaipur
C00656,Rahul,Singh,rahul.singh656@gmail.com,9830790503,Chandigarh
C00657,Sneha,Tandon,sneha.tandon657@gmail.com,9862250915,Pune
C00658,Vikas,Gupta,vikas.gupta658@gmail.com,9866867978,Bengaluru
C00659,Priya,Tandon,priya.tandon659@gmail.com,9862134280,Mumbai
C00660,Nisha,Gupta,nisha.gupta660@gmail.com,9848307681,Pune
C00661,Anjali,Gupta,anjali.gupta661@gmail.com,9897953333,Jaipur
C00662,Anjali,Tandon,anjali.tandon662@gmail.com,9815641112,Mumbai
C00663,Amit,Sharma,amit.sharma663@gmail.com,9854189291,Jaipur
C00664,Varun,Sharma,varun.sharma664@gmail.com,9893162515,Delhi
C00665,Neha,Agarwal,neha.agarwal665@gmail.com,9866896862,Hyderabad
C00666,Arjun,Verma,arjun.verma666@gmail.com,9847734841,Mumbai
C00667,Sanjay,Tandon,sanjay.tandon667@gmail.com,9827433771,Mumbai
C00668,Amit,Kapoor,amit.kapoor668@gmail.com,9870540204,Mumbai
C00669,Nisha,Verma,nisha.verma669@gmail.com,9881845686,Hyderabad
C00670,Ritu,Agarwal,ritu.agarwal670@gmail.com,9874110239,Pune
C00671,Vikas,Agarwal,vikas.agarwal671@gmail.com,9885604268,Mumbai
C00672,Vivek,Gupta,vivek.gupta672@gmail.com,9810137446,Jaipur
C00673,Varun,Jain,varun.jain673@gmail.com,9810028261,Bengaluru
C00674,Sneha,Mishra,sneha.mishra674@gmail.com,9814812973,Hyderabad
C00675,Amit,Jain,amit.jain675@gmail.com,9869784468,Chandigarh
C00676,Nisha,Gupta,nisha.gupta676@gmail.com,9861240226,Mumbai
C00677,Vivek,Tandon,vivek.tandon677@gmail.com,9870061779,Jaipur
C00678,Rohit,Verma,rohit.verma678@gmail.com,9862540311,Lucknow
C00679,Kavya,Singh,kavya.singh679@gmail.com,9850435039,Mumbai
C00680,Kavya,Mishra,kavya.mishra680@gmail.com,9851046768,Mumbai
C00681,Karan,Kapoor,karan.kapoor681@gmail.com,9899990492,Jaipur
C00682,Anjali,Singh,anjali.singh682@gmail.com,9845579581,Hyderabad
C00683,Sneha,Mishra,sneha.mishra683@gmail.com,9884357297,Lucknow
C00684,Vikas,Verma,vikas.verma684@gmail.com,9883712573,Pune
C00685,Amit,Tandon,amit.tandon685@gmail.com,9889636999,Chandigarh
C00686,Simran,Gupta,simran.gupta686@gmail.com,9818443041,Jaipur
C00687,Vikas,Singh,vikas.singh687@gmail.com,9822038047,Jaipur
C00688,Kavya,Gupta,kavya.gupta688@gmail.com,9868280390,Jaipur
C00689,Ritu,Agarwal,ritu.agarwal689@gmail.com,9844707941,Jaipur
C00690,Simran,Yadav,simran.yadav690@gmail.com,9869690443,Hyderabad
C00691,Neha,Agarwal,neha.agarwal691@gmail.com,9839725400,Lucknow
C00692,Nisha,Kapoor,nisha.kapoor692@gmail.com,9839040807,Delhi
C00693,Neha,Singh,neha.singh693@gmail.com,9812890006,Mumbai
C00694,Anjali,Jain,anjali.jain694@gmail.com,9818821149,Pune
C00695,Kavya,Agarwal,kavya.agarwal695@gmail.com,9854889770,Mumbai
C00696,Sneha,Mishra,sneha.mishra696@gmail.com,9892267398,Chandigarh
C00697,Amit,Tandon,amit.tandon697@gmail.com,9824818063,Bengaluru
C00698,Ritu,Yadav,ritu.yadav698@gmail.com,9847791660,Hyderabad
C00699,Priya,Singh,priya.singh699@gmail.com,9857159002,Hyderabad
C00700,Nisha,Jain,nisha.jain700@gmail.com,9887964131,Pune
C00701,Sneha,Sharma,sneha.sharma701@gmail.com,9899800503,Chandigarh
C00702,Simran,Gupta,simran.gupta702@gmail.com,9866432025,Chandigarh
C00703,Sanjay,Tandon,sanjay.tandon703@gmail.com,9875232362,Chandigarh
C00704,Vikas,Jain,vikas.jain704@gmail.com,9868999698,Lucknow
C00705,Arjun,Verma,arjun.verma705@gmail.com,9892671246,Chandigarh
C00706,Akash,Sharma,akash.sharma706@gmail.com,9877676258,Mumbai
C00707,Sneha,Mishra,sneha.mishra707@gmail.com,9886102415,Jaipur
C00708,Simran,Agarwal,simran.agarwal708@gmail.com,9834393647,Delhi
C00709,Meera,Jain,meera.jain709@gmail.com,9886018340,Delhi
C00710,Simran,Yadav,simran.yadav710@gmail.com,9897256088,Lucknow
C00711,Pooja,Tandon,pooja.tandon711@gmail.com,9862452275,Hyderabad
C00712,Sneha,Singh,sneha.singh712@gmail.com,9826999187,Hyderabad
C00713,Amit,Verma,amit.verma713@gmail.com,9880608088,Hyderabad
C00714,Sneha,Singh,sneha.singh714@gmail.com,9891226320,Chandigarh
C00715,Vivek,Kapoor,vivek.kapoor715@gmail.com,9834787669,Mumbai
C00716,Rahul,Kapoor,rahul.kapoor716@gmail.com,9844705648,Lucknow
C00717,Rahul,Gupta,rahul.gupta717@gmail.com,9898417547,Lucknow
C00718,Rahul,Kapoor,rahul.kapoor718@gmail.com,9858240764,Delhi
C00719,Simran,Gupta,simran.gupta719@gmail.com,9861849806,Hyderabad
C00720,Neha,Sharma,neha.sharma720@gmail.com,9877223813,Lucknow
C00721,Varun,Kapoor,varun.kapoor721@gmail.com,9836678465,Mumbai
C00722,Vikas,Singh,vikas.singh722@gmail.com,9825299634,Chandigarh
C00723,Vikas,Kapoor,vikas.kapoor723@gmail.com,9842893471,Bengaluru
C00724,Neha,Mishra,neha.mishra724@gmail.com,9811243124,Chandigarh
C00725,Priya,Mishra,priya.mishra725@gmail.com,9860569600,Jaipur
C00726,Priya,Kapoor,priya.kapoor726@gmail.com,9837432150,Pune
C00727,Priya,Mishra,priya.mishra727@gmail.com,9870742885,Mumbai
C00728,Nisha,Verma,nisha.verma728@gmail.com,9813387154,Mumbai
C00729,Pooja,Singh,pooja.singh729@gmail.com,9863397222,Bengaluru
C00730,Akash,Kapoor,akash.kapoor730@gmail.com,9842079448,Hyderabad
C00731,Priya,Verma,priya.verma731@gmail.com,9826081668,Delhi
C00732,Kavya,Yadav,kavya.yadav732@gmail.com,9829953746,Lucknow
C00733,Vikas,Kapoor,vikas.kapoor733@gmail.com,9871130386,Bengaluru
C00734,Arjun,Mishra,arjun.mishra734@gmail.com,9878113640,Jaipur
C00735,Priya,Jain,priya.jain735@gmail.com,9881703483,Mumbai
C00736,Nisha,Mishra,nisha.mishra736@gmail.com,9888880342,Jaipur
C00737,Meera,Gupta,meera.gupta737@gmail.com,9840009132,Lucknow
C00738,Kavya,Gupta,kavya.gupta738@gmail.com,9888228217,Lucknow
C00739,Pooja,Jain,pooja.jain739@gmail.com,9881957577,Chandigarh
C00740,Amit,Yadav,amit.yadav740@gmail.com,9853708071,Hyderabad
C00741,Sanjay,Singh,sanjay.singh741@gmail.com,9828261419,Mumbai
C00742,Varun,Gupta,varun.gupta742@gmail.com,9861506042,Jaipur
C00743,Ritu,Tandon,ritu.tandon743@gmail.com,9859202374,Bengaluru
C00744,Vikas,Yadav,vikas.yadav744@gmail.com,9886244667,Mumbai
C00745,Karan,Mishra,karan.mishra745@gmail.com,9881251272,Hyderabad
C00746,Meera,Sharma,meera.sharma746@gmail.com,9870777616,Mumbai
C00747,Pooja,Singh,pooja.singh747@gmail.com,9857891418,Jaipur
C00748,Priya,Mishra,priya.mishra748@gmail.com,9813615551,Bengaluru
C00749,Rohit,Jain,rohit.jain749@gmail.com,9832334299,Pune
C00750,Vivek,Tandon,vivek.tandon750@gmail.com,9874329216,Hyderabad
C00751,Simran,Agarwal,simran.agarwal751@gmail.com,9831742090,Mumbai
C00752,Amit,Gupta,amit.gupta752@gmail.com,9892868216,Delhi
C00753,Rohit,Sharma,rohit.sharma753@gmail.com,9888145757,Chandigarh
C00754,Amit,Jain,amit.jain754@gmail.com,9871952165,Mumbai
C00755,Vikas,Kapoor,vikas.kapoor755@gmail.com,9883206533,Chandigarh
C00756,Karan,Tandon,karan.tandon756@gmail.com,9856360679,Lucknow
C00757,Rahul,Sharma,rahul.sharma757@gmail.com,9876388123,Chandigarh
C00758,Nisha,Sharma,nisha.sharma758@gmail.com,9875825026,Mumbai
C00759,Pooja,Singh,pooja.singh759@gmail.com,9820075816,Hyderabad
C00760,Karan,Tandon,karan.tandon760@gmail.com,9895601852,Lucknow
C00761,Rohit,Kapoor,rohit.kapoor761@gmail.com,9896401409,Mumbai
C00762,Vikas,Singh,vikas.singh762@gmail.com,9872177346,Lucknow
C00763,Meera,Kapoor,meera.kapoor763@gmail.com,9883604715,Bengaluru
C00764,Vivek,Singh,vivek.singh764@gmail.com,9820862720,Pune
C00765,Kavya,Agarwal,kavya.agarwal765@gmail.com,9899080960,Lucknow
C00766,Ritu,Verma,ritu.verma766@gmail.com,9894914536,Hyderabad
C00767,Rohit,Mishra,rohit.mishra767@gmail.com,9832530358,Delhi
C00768,Arjun,Tandon,arjun.tandon768@gmail.com,9875994103,Jaipur
C00769,Simran,Verma,simran.verma769@gmail.com,9888419381,Pune
C00770,Amit,Tandon,amit.tandon770@gmail.com,9861590155,Hyderabad
C00771,Vikas,Yadav,vikas.yadav771@gmail.com,9880666714,Lucknow
C00772,Varun,Mishra,varun.mishra772@gmail.com,9823886420,Delhi
C00773,Varun,Gupta,varun.gupta773@gmail.com,9811999593,Pune
C00774,Karan,Agarwal,karan.agarwal774@gmail.com,9899658931,Pune
C00775,Pooja,Verma,pooja.verma775@gmail.com,9885201475,Delhi
C00776,Arjun,Agarwal,arjun.agarwal776@gmail.com,9874051856,Mumbai
C00777,Varun,Jain,varun.jain777@gmail.com,9828306581,Delhi
C00778,Vikas,Agarwal,vikas.agarwal778@gmail.com,9880005285,Lucknow
C00779,Vikas,Agarwal,vikas.agarwal779@gmail.com,9889785501,Chandigarh
C00780,Neha,Yadav,neha.yadav780@gmail.com,9849272192,Delhi
C00781,Vikas,Mishra,vikas.mishra781@gmail.com,9818767496,Hyderabad
C00782,Arjun,Singh,arjun.singh782@gmail.com,9814592190,Mumbai
C00783,Meera,Jain,meera.jain783@gmail.com,9812688852,Chandigarh
C00784,Varun,Tandon,varun.tandon784@gmail.com,9884658843,Lucknow
C00785,Kavya,Mishra,kavya.mishra785@gmail.com,9823538246,Chandigarh
C00786,Sneha,Agarwal,sneha.agarwal786@gmail.com,9814275151,Mumbai
C00787,Amit,Verma,amit.verma787@gmail.com,9879000330,Jaipur
C00788,Amit,Mishra,amit.mishra788@gmail.com,9844456352,Lucknow
C00789,Rohit,Verma,rohit.verma789@gmail.com,9840998463,Mumbai
C00790,Akash,Tandon,akash.tandon790@gmail.com,9896249561,Hyderabad
C00791,Karan,Singh,karan.singh791@gmail.com,9855908005,Lucknow
C00792,Ritu,Verma,ritu.verma792@gmail.com,9836595603,Pune
C00793,Amit,Gupta,amit.gupta793@gmail.com,9839116913,Delhi
C00794,Arjun,Mishra,arjun.mishra794@gmail.com,9887992223,Bengaluru
C00795,Vivek,Gupta,vivek.gupta795@gmail.com,9876011894,Delhi
C00796,Rahul,Agarwal,rahul.agarwal796@gmail.com,9823280928,Chandigarh
C00797,Nisha,Agarwal,nisha.agarwal797@gmail.com,9858139412,Mumbai
C00798,Sneha,Kapoor,sneha.kapoor798@gmail.com,9874746986,Lucknow
C00799,Karan,Mishra,karan.mishra799@gmail.com,9838877875,Delhi
C00800,Neha,Kapoor,neha.kapoor800@gmail.com,9850369669,Mumbai
C00801,Rohit,Jain,rohit.jain801@gmail.com,9888616291,Pune
C00802,Sanjay,Sharma,sanjay.sharma802@gmail.com,9878408402,Bengaluru
C00803,Varun,Mishra,varun.mishra803@gmail.com,9838313636,Bengaluru
C00804,Rahul,Jain,rahul.jain804@gmail.com,9887772658,Mumbai
C00805,Vikas,Singh,vikas.singh805@gmail.com,9816028212,Jaipur
C00806,Sanjay,Sharma,sanjay.sharma806@gmail.com,9834664474,Bengaluru
C00807,Karan,Sharma,karan.sharma807@gmail.com,9849744114,Mumbai
C00808,Pooja,Agarwal,pooja.agarwal808@gmail.com,9819043905,Bengaluru
C00809,Meera,Tandon,meera.tandon809@gmail.com,9879806276,Delhi
C00810,Akash,Kapoor,akash.kapoor810@gmail.com,9893874755,Hyderabad
C00811,Ritu,Yadav,ritu.yadav811@gmail.com,9868498568,Lucknow
C00812,Vivek,Mishra,vivek.mishra812@gmail.com,9826602616,Pune
C00813,Vikas,Mishra,vikas.mishra813@gmail.com,9866225614,Mumbai
C00814,Sanjay,Verma,sanjay.verma814@gmail.com,9834582452,Jaipur
C00815,Pooja,Singh,pooja.singh815@gmail.com,9851096476,Chandigarh
C00816,Rohit,Sharma,rohit.sharma816@gmail.com,9839051070,Lucknow
C00817,Arjun,Agarwal,arjun.agarwal817@gmail.com,9881164302,Bengaluru
C00818,Nisha,Agarwal,nisha.agarwal818@gmail.com,9828544834,Lucknow
C00819,Kavya,Sharma,kavya.sharma819@gmail.com,9811863512,Mumbai
C00820,Akash,Agarwal,akash.agarwal820@gmail.com,9892025944,Hyderabad
C00821,Sanjay,Verma,sanjay.verma821@gmail.com,9866714079,Bengaluru
C00822,Akash,Tandon,akash.tandon822@gmail.com,9846205866,Jaipur
C00823,Sanjay,Jain,sanjay.jain823@gmail.com,9838846882,Delhi
C00824,Simran,Tandon,simran.tandon824@gmail.com,9838722586,Jaipur
C00825,Rahul,Sharma,rahul.sharma825@gmail.com,9820860619,Chandigarh
C00826,Vivek,Sharma,vivek.sharma826@gmail.com,9864895066,Pune
C00827,Amit,Tandon,amit.tandon827@gmail.com,9810456690,Pune
C00828,Ritu,Tandon,ritu.tandon828@gmail.com,9828155616,Delhi
C00829,Priya,Kapoor,priya.kapoor829@gmail.com,9832959009,Mumbai
C00830,Amit,Kapoor,amit.kapoor830@gmail.com,9836588135,Mumbai
C00831,Pooja,Sharma,pooja.sharma831@gmail.com,9848176890,Hyderabad
C00832,Karan,Verma,karan.verma832@gmail.com,9834387577,Chandigarh
C00833,Ritu,Yadav,ritu.yadav833@gmail.com,9837689785,Bengaluru
C00834,Akash,Tandon,akash.tandon834@gmail.com,9854108028,Pune
C00835,Anjali,Sharma,anjali.sharma835@gmail.com,9868754581,Bengaluru
C00836,Kavya,Agarwal,kavya.agarwal836@gmail.com,9897537392,Delhi
C00837,Nisha,Yadav,nisha.yadav837@gmail.com,9873781299,Chandigarh
C00838,Sneha,Singh,sneha.singh838@gmail.com,9871730768,Hyderabad
C00839,Amit,Kapoor,amit.kapoor839@gmail.com,9889873913,Delhi
C00840,Simran,Kapoor,simran.kapoor840@gmail.com,9887285884,Delhi
C00841,Kavya,Kapoor,kavya.kapoor841@gmail.com,9896526740,Hyderabad
C00842,Varun,Kapoor,varun.kapoor842@gmail.com,9815109881,Jaipur
C00843,Meera,Mishra,meera.mishra843@gmail.com,9816647576,Chandigarh
C00844,Kavya,Jain,kavya.jain844@gmail.com,9855080902,Mumbai
C00845,Sanjay,Kapoor,sanjay.kapoor845@gmail.com,9882487240,Hyderabad
C00846,Simran,Sharma,simran.sharma846@gmail.com,9831335469,Bengaluru
C00847,Amit,Kapoor,amit.kapoor847@gmail.com,9811015651,Mumbai
C00848,Varun,Yadav,varun.yadav848@gmail.com,9878488391,Jaipur
C00849,Kavya,Jain,kavya.jain849@gmail.com,9815117163,Bengaluru
C00850,Arjun,Sharma,arjun.sharma850@gmail.com,9819591745,Jaipur
C00851,Akash,Gupta,akash.gupta851@gmail.com,9876579019,Pune
C00852,Rahul,Yadav,rahul.yadav852@gmail.com,9828997161,Pune
C00853,Varun,Kapoor,varun.kapoor853@gmail.com,9892010799,Hyderabad
C00854,Neha,Verma,neha.verma854@gmail.com,9864204800,Mumbai
C00855,Priya,Jain,priya.jain855@gmail.com,9880972282,Jaipur
C00856,Ritu,Tandon,ritu.tandon856@gmail.com,9883301124,Chandigarh
C00857,Pooja,Yadav,pooja.yadav857@gmail.com,9881858228,Delhi
C00858,Neha,Agarwal,neha.agarwal858@gmail.com,9823355635,Chandigarh
C00859,Neha,Sharma,neha.sharma859@gmail.com,9842055921,Bengaluru
C00860,Karan,Kapoor,karan.kapoor860@gmail.com,9876464899,Bengaluru
C00861,Pooja,Singh,pooja.singh861@gmail.com,9848768427,Lucknow
C00862,Vivek,Mishra,vivek.mishra862@gmail.com,9866528665,Bengaluru
C00863,Arjun,Tandon,arjun.tandon863@gmail.com,9859662305,Lucknow
C00864,Rahul,Agarwal,rahul.agarwal864@gmail.com,9892268323,Delhi
C00865,Kavya,Agarwal,kavya.agarwal865@gmail.com,9849382358,Mumbai
C00866,Vivek,Mishra,vivek.mishra866@gmail.com,9850436493,Delhi
C00867,Ritu,Yadav,ritu.yadav867@gmail.com,9891323145,Bengaluru
C00868,Rohit,Gupta,rohit.gupta868@gmail.com,9817517074,Hyderabad
C00869,Vikas,Agarwal,vikas.agarwal869@gmail.com,9852740337,Chandigarh
C00870,Nisha,Kapoor,nisha.kapoor870@gmail.com,9876336195,Bengaluru
C00871,Karan,Kapoor,karan.kapoor871@gmail.com,9825639328,Pune
C00872,Kavya,Sharma,kavya.sharma872@gmail.com,9826177710,Bengaluru
C00873,Nisha,Mishra,nisha.mishra873@gmail.com,9876531964,Mumbai
C00874,Anjali,Mishra,anjali.mishra874@gmail.com,9834844344,Bengaluru
C00875,Vikas,Verma,vikas.verma875@gmail.com,9880083405,Lucknow
C00876,Kavya,Verma,kavya.verma876@gmail.com,9827653911,Mumbai
C00877,Kavya,Singh,kavya.singh877@gmail.com,9818027947,Lucknow
C00878,Sanjay,Agarwal,sanjay.agarwal878@gmail.com,9814012290,Bengaluru
C00879,Vivek,Yadav,vivek.yadav879@gmail.com,9848417441,Lucknow
C00880,Karan,Agarwal,karan.agarwal880@gmail.com,9859043177,Lucknow
C00881,Kavya,Singh,kavya.singh881@gmail.com,9853279393,Bengaluru
C00882,Anjali,Kapoor,anjali.kapoor882@gmail.com,9823250281,Jaipur
C00883,Nisha,Yadav,nisha.yadav883@gmail.com,9853606572,Lucknow
C00884,Priya,Kapoor,priya.kapoor884@gmail.com,9875661518,Lucknow
C00885,Rohit,Verma,rohit.verma885@gmail.com,9872864668,Delhi
C00886,Sanjay,Jain,sanjay.jain886@gmail.com,9853028344,Hyderabad
C00887,Priya,Singh,priya.singh887@gmail.com,9877797744,Jaipur
C00888,Sneha,Gupta,sneha.gupta888@gmail.com,9854310258,Hyderabad
C00889,Varun,Verma,varun.verma889@gmail.com,9848692919,Delhi
C00890,Sanjay,Sharma,sanjay.sharma890@gmail.com,9848202119,Jaipur
C00891,Varun,Yadav,varun.yadav891@gmail.com,9864850634,Mumbai
C00892,Akash,Yadav,akash.yadav892@gmail.com,9878470419,Lucknow
C00893,Meera,Agarwal,meera.agarwal893@gmail.com,9860198348,Mumbai
C00894,Arjun,Sharma,arjun.sharma894@gmail.com,9830237666,Lucknow
C00895,Kavya,Sharma,kavya.sharma895@gmail.com,9851440416,Bengaluru
C00896,Arjun,Gupta,arjun.gupta896@gmail.com,9857053184,Hyderabad
C00897,Karan,Jain,karan.jain897@gmail.com,9845306722,Lucknow
C00898,Varun,Sharma,varun.sharma898@gmail.com,9884745763,Hyderabad
C00899,Rohit,Kapoor,rohit.kapoor899@gmail.com,9865086859,Bengaluru
C00900,Sneha,Sharma,sneha.sharma900@gmail.com,9839461245,Delhi
C00901,Anjali,Jain,anjali.jain901@gmail.com,9819013012,Delhi
C00902,Vivek,Yadav,vivek.yadav902@gmail.com,9835785417,Pune
C00903,Kavya,Sharma,kavya.sharma903@gmail.com,9881212136,Jaipur
C00904,Sneha,Jain,sneha.jain904@gmail.com,9886179180,Jaipur
C00905,Anjali,Mishra,anjali.mishra905@gmail.com,9891916158,Mumbai
C00906,Vikas,Sharma,vikas.sharma906@gmail.com,9815284458,Lucknow
C00907,Amit,Sharma,amit.sharma907@gmail.com,9860605296,Bengaluru
C00908,Nisha,Sharma,nisha.sharma908@gmail.com,9879750259,Hyderabad
C00909,Vivek,Mishra,vivek.mishra909@gmail.com,9812032689,Jaipur
C00910,Simran,Singh,simran.singh910@gmail.com,9843905628,Delhi
C00911,Anjali,Sharma,anjali.sharma911@gmail.com,9820780220,Hyderabad
C00912,Anjali,Yadav,anjali.yadav912@gmail.com,9858470662,Jaipur
C00913,Sanjay,Mishra,sanjay.mishra913@gmail.com,9859355745,Pune
C00914,Vivek,Agarwal,vivek.agarwal914@gmail.com,9898621914,Bengaluru
C00915,Neha,Jain,neha.jain915@gmail.com,9875901783,Hyderabad
C00916,Vikas,Gupta,vikas.gupta916@gmail.com,9898025472,Delhi
C00917,Akash,Singh,akash.singh917@gmail.com,9811785917,Jaipur
C00918,Rahul,Jain,rahul.jain918@gmail.com,9876596142,Mumbai
C00919,Sneha,Singh,sneha.singh919@gmail.com,9888700794,Chandigarh
C00920,Vivek,Kapoor,vivek.kapoor920@gmail.com,9886144543,Delhi
C00921,Simran,Singh,simran.singh921@gmail.com,9820589164,Chandigarh
C00922,Kavya,Mishra,kavya.mishra922@gmail.com,9852476667,Pune
C00923,Vivek,Sharma,vivek.sharma923@gmail.com,9888008437,Bengaluru
C00924,Sanjay,Jain,sanjay.jain924@gmail.com,9840290651,Jaipur
C00925,Pooja,Jain,pooja.jain925@gmail.com,9846469512,Bengaluru
C00926,Simran,Mishra,simran.mishra926@gmail.com,9896184082,Mumbai
C00927,Sneha,Tandon,sneha.tandon927@gmail.com,9886723570,Hyderabad
C00928,Simran,Singh,simran.singh928@gmail.com,9878271461,Jaipur
C00929,Rohit,Tandon,rohit.tandon929@gmail.com,9827220864,Pune
C00930,Rahul,Gupta,rahul.gupta930@gmail.com,9810868428,Delhi
C00931,Nisha,Jain,nisha.jain931@gmail.com,9898304775,Chandigarh
C00932,Vikas,Agarwal,vikas.agarwal932@gmail.com,9868330084,Mumbai
C00933,Priya,Agarwal,priya.agarwal933@gmail.com,9829233147,Chandigarh
C00934,Arjun,Tandon,arjun.tandon934@gmail.com,9870975444,Hyderabad
C00935,Rohit,Kapoor,rohit.kapoor935@gmail.com,9844376667,Lucknow
C00936,Varun,Jain,varun.jain936@gmail.com,9898351393,Bengaluru
C00937,Karan,Singh,karan.singh937@gmail.com,9887490299,Chandigarh
C00938,Akash,Kapoor,akash.kapoor938@gmail.com,9821895041,Chandigarh
C00939,Ritu,Gupta,ritu.gupta939@gmail.com,9837388912,Delhi
C00940,Amit,Jain,amit.jain940@gmail.com,9860017923,Chandigarh
C00941,Varun,Verma,varun.verma941@gmail.com,9837550542,Bengaluru
C00942,Meera,Jain,meera.jain942@gmail.com,9874424402,Bengaluru
C00943,Ritu,Mishra,ritu.mishra943@gmail.com,9864424312,Lucknow
C00944,Vikas,Jain,vikas.jain944@gmail.com,9823082956,Chandigarh
C00945,Sanjay,Singh,sanjay.singh945@gmail.com,9874134432,Lucknow
C00946,Akash,Kapoor,akash.kapoor946@gmail.com,9882947618,Bengaluru
C00947,Kavya,Gupta,kavya.gupta947@gmail.com,9893724332,Hyderabad
C00948,Pooja,Gupta,pooja.gupta948@gmail.com,9856246128,Pune
C00949,Amit,Kapoor,amit.kapoor949@gmail.com,9896283169,Jaipur
C00950,Rohit,Verma,rohit.verma950@gmail.com,9827767580,Mumbai
C00951,Nisha,Singh,nisha.singh951@gmail.com,9830273154,Lucknow
C00952,Nisha,Agarwal,nisha.agarwal952@gmail.com,9892950469,Jaipur
C00953,Karan,Mishra,karan.mishra953@gmail.com,9889167316,Bengaluru
C00954,Nisha,Kapoor,nisha.kapoor954@gmail.com,9845871458,Jaipur
C00955,Rohit,Kapoor,rohit.kapoor955@gmail.com,9893709051,Mumbai
C00956,Anjali,Mishra,anjali.mishra956@gmail.com,9883561107,Jaipur
C00957,Sneha,Sharma,sneha.sharma957@gmail.com,9871095903,Chandigarh
C00958,Anjali,Jain,anjali.jain958@gmail.com,9893941676,Hyderabad
C00959,Arjun,Verma,arjun.verma959@gmail.com,9812978201,Pune
C00960,Akash,Mishra,akash.mishra960@gmail.com,9884578551,Lucknow
C00961,Rohit,Tandon,rohit.tandon961@gmail.com,9849984169,Hyderabad
C00962,Meera,Gupta,meera.gupta962@gmail.com,9840721635,Hyderabad
C00963,Vikas,Tandon,vikas.tandon963@gmail.com,9896601859,Pune
C00964,Rahul,Singh,rahul.singh964@gmail.com,9851829482,Pune
C00965,Nisha,Kapoor,nisha.kapoor965@gmail.com,9889025418,Pune
C00966,Meera,Sharma,meera.sharma966@gmail.com,9889392218,Mumbai
C00967,Kavya,Sharma,kavya.sharma967@gmail.com,9848521912,Bengaluru
C00968,Sanjay,Yadav,sanjay.yadav968@gmail.com,9830144087,Mumbai
C00969,Rohit,Yadav,rohit.yadav969@gmail.com,9877824593,Jaipur
C00970,Amit,Singh,amit.singh970@gmail.com,9851729971,Pune
C00971,Simran,Kapoor,simran.kapoor971@gmail.com,9896205828,Bengaluru
C00972,Anjali,Singh,anjali.singh972@gmail.com,9879185626,Lucknow
C00973,Varun,Sharma,varun.sharma973@gmail.com,9846835427,Mumbai
C00974,Amit,Mishra,amit.mishra974@gmail.com,9889760893,Hyderabad
C00975,Simran,Sharma,simran.sharma975@gmail.com,9822419322,Chandigarh
C00976,Amit,Agarwal,amit.agarwal976@gmail.com,9829131137,Lucknow
C00977,Vivek,Gupta,vivek.gupta977@gmail.com,9843621776,Chandigarh
C00978,Priya,Singh,priya.singh978@gmail.com,9880192721,Jaipur
C00979,Sanjay,Singh,sanjay.singh979@gmail.com,9875522196,Delhi
C00980,Rahul,Kapoor,rahul.kapoor980@gmail.com,9872500899,Hyderabad
C00981,Meera,Gupta,meera.gupta981@gmail.com,9863230189,Delhi
C00982,Neha,Jain,neha.jain982@gmail.com,9827965049,Chandigarh
C00983,Anjali,Gupta,anjali.gupta983@gmail.com,9838901867,Chandigarh
C00984,Sanjay,Yadav,sanjay.yadav984@gmail.com,9823333326,Delhi
C00985,Anjali,Tandon,anjali.tandon985@gmail.com,9862784890,Mumbai
C00986,Vivek,Gupta,vivek.gupta986@gmail.com,9848996278,Hyderabad
C00987,Anjali,Agarwal,anjali.agarwal987@gmail.com,9849043589,Hyderabad
C00988,Vivek,Gupta,vivek.gupta988@gmail.com,9881906987,Lucknow
C00989,Akash,Verma,akash.verma989@gmail.com,9886740740,Jaipur
C00990,Anjali,Gupta,anjali.gupta990@gmail.com,9873234221,Mumbai
C00991,Sanjay,Kapoor,sanjay.kapoor991@gmail.com,9845476806,Delhi
C00992,Pooja,Sharma,pooja.sharma992@gmail.com,9817449025,Jaipur
C00993,Priya,Yadav,priya.yadav993@gmail.com,9895599858,Delhi
C00994,Anjali,Jain,anjali.jain994@gmail.com,9848611491,Pune
C00995,Nisha,Mishra,nisha.mishra995@gmail.com,9874774281,Hyderabad
C00996,Rohit,Jain,rohit.jain996@gmail.com,9885542157,Jaipur
C00997,Vivek,Tandon,vivek.tandon997@gmail.com,9835503294,Delhi
C00998,Rohit,Verma,rohit.verma998@gmail.com,9891377540,Hyderabad
C00999,Meera,Kapoor,meera.kapoor999@gmail.com,9889239766,Mumbai
C01000,Anjali,Singh,anjali.singh1000@gmail.com,9845863817,Jaipur
